imgId_eId,val
f27825b2c_0,0.052036427
f27825b2c_1,0.23535866
f27825b2c_2,-0.12943152
f27825b2c_3,-0.094581656
f27825b2c_4,-0.11976614
f27825b2c_5,0.023589374
f27825b2c_6,0.16371588
f27825b2c_7,0.06571098
f27825b2c_8,0.22074232
f27825b2c_9,-0.09898846
f27825b2c_10,-0.019896291
f27825b2c_11,-0.05553691
f27825b2c_12,0.037875928
f27825b2c_13,-0.022735098
f27825b2c_14,0.02952385
f27825b2c_15,-0.07194005
f27825b2c_16,0.21331365
f27825b2c_17,-0.06154096
f27825b2c_18,0.13033307
f27825b2c_19,-0.012628517
f27825b2c_20,0.18389632
f27825b2c_21,0.180484
f27825b2c_22,0.09461403
f27825b2c_23,0.008556694
f27825b2c_24,-0.033739597
f27825b2c_25,-0.23284519
f27825b2c_26,0.003450781
f27825b2c_27,0.10752161
f27825b2c_28,0.20234218
f27825b2c_29,0.035534218
f27825b2c_30,0.14287493
f27825b2c_31,0.14681683
f27825b2c_32,-0.0047150664
f27825b2c_33,0.005665683
f27825b2c_34,-0.054147605
f27825b2c_35,-0.22335224
f27825b2c_36,0.14104107
f27825b2c_37,0.14084321
f27825b2c_38,0.08149031
f27825b2c_39,0.004516205
f27825b2c_40,0.003832642
f27825b2c_41,-0.12742987
f27825b2c_42,-0.24833739
f27825b2c_43,-0.033378866
f27825b2c_44,0.06262766
f27825b2c_45,0.23422022
f27825b2c_46,-0.039889272
f27825b2c_47,-0.04865877
f27825b2c_48,-0.14709741
f27825b2c_49,-0.038377024
f27825b2c_50,-0.092708424
f27825b2c_51,-0.06404932
f27825b2c_52,0.14526102
f27825b2c_53,-0.050663948
f27825b2c_54,-0.0151077695
f27825b2c_55,-0.00830403
f27825b2c_56,0.16780755
f27825b2c_57,-0.12064873
f27825b2c_58,0.030774415
f27825b2c_59,0.07951492
f27825b2c_60,0.006324023
f27825b2c_61,-0.061789148
f27825b2c_62,0.03886681
f27825b2c_63,0.1406558
f27825b2c_64,0.18647246
f27825b2c_65,-0.047159426
f27825b2c_66,-0.21404007
f27825b2c_67,0.1253699
f27825b2c_68,-0.028662119
f27825b2c_69,-0.0343488
f27825b2c_70,0.041916747
f27825b2c_71,-0.03530446
f27825b2c_72,0.12854457
f27825b2c_73,-0.082698725
f27825b2c_74,0.07310972
f27825b2c_75,-0.21074907
f27825b2c_76,-0.0556952
f27825b2c_77,-0.11993
f27825b2c_78,0.010495447
f27825b2c_79,-0.015536798
f27825b2c_80,0.08604109
f27825b2c_81,0.0212988
f27825b2c_82,-0.16230199
f27825b2c_83,0.061418463
f27825b2c_84,-0.113882154
f27825b2c_85,-0.0059373686
f27825b2c_86,0.03532391
f27825b2c_87,0.1434907
f27825b2c_88,-0.014529205
f27825b2c_89,-0.1408976
f27825b2c_90,-0.16285774
f27825b2c_91,-0.005887158
f27825b2c_92,-0.123475656
f27825b2c_93,0.092776686
f27825b2c_94,-0.022137646
f27825b2c_95,-0.15911993
f27825b2c_96,0.011846851
f27825b2c_97,0.04704122
f27825b2c_98,-0.15511408
f27825b2c_99,0.1623244
f27825b2c_100,0.057221673
f27825b2c_101,-0.05071
f27825b2c_102,0.08350038
f27825b2c_103,0.07076879
f27825b2c_104,0.08057918
f27825b2c_105,-0.15338579
f27825b2c_106,0.08993827
f27825b2c_107,0.09732153
f27825b2c_108,0.16813414
f27825b2c_109,-0.008065711
f27825b2c_110,0.11581123
f27825b2c_111,-0.078728065
f27825b2c_112,0.04357166
f27825b2c_113,-0.04958549
f27825b2c_114,-0.009441627
f27825b2c_115,-0.23943394
f27825b2c_116,-0.028639836
f27825b2c_117,-0.07158077
f27825b2c_118,0.027906625
f27825b2c_119,-0.39313897
f27825b2c_120,0.14604625
f27825b2c_121,-0.07261808
f27825b2c_122,-0.035108294
f27825b2c_123,0.16482192
f27825b2c_124,0.05716167
f27825b2c_125,-0.0079212
f27825b2c_126,0.19740391
f27825b2c_127,-1.3973821e-32
f27825b2c_128,0.10960245
f27825b2c_129,0.109254114
f27825b2c_130,0.18396717
f27825b2c_131,0.10590737
f27825b2c_132,0.1545684
f27825b2c_133,0.03234621
f27825b2c_134,0.07206957
f27825b2c_135,0.05531701
f27825b2c_136,0.048376724
f27825b2c_137,0.25834146
f27825b2c_138,0.257307
f27825b2c_139,0.13864246
f27825b2c_140,-0.1289473
f27825b2c_141,0.42737475
f27825b2c_142,-0.26580018
f27825b2c_143,-0.033901162
f27825b2c_144,0.25061563
f27825b2c_145,-0.1421299
f27825b2c_146,-0.08920035
f27825b2c_147,-0.14532658
f27825b2c_148,-0.18977357
f27825b2c_149,-0.09679816
f27825b2c_150,-0.075453006
f27825b2c_151,-0.026060762
f27825b2c_152,-0.094152436
f27825b2c_153,0.359151
f27825b2c_154,-0.05590403
f27825b2c_155,-0.10567379
f27825b2c_156,-0.016601322
f27825b2c_157,-0.032959737
f27825b2c_158,0.0631628
f27825b2c_159,0.25979716
f27825b2c_160,0.07191495
f27825b2c_161,0.023721434
f27825b2c_162,0.05751641
f27825b2c_163,-0.12666264
f27825b2c_164,-0.21277535
f27825b2c_165,0.07406752
f27825b2c_166,-0.11186262
f27825b2c_167,-0.00032815337
f27825b2c_168,-0.10853706
f27825b2c_169,0.09114786
f27825b2c_170,-0.03532579
f27825b2c_171,-0.0398586
f27825b2c_172,-0.053313743
f27825b2c_173,0.07007978
f27825b2c_174,0.11831908
f27825b2c_175,0.10677096
f27825b2c_176,0.07755217
f27825b2c_177,0.2184051
f27825b2c_178,-0.026120398
f27825b2c_179,0.16646622
f27825b2c_180,-0.15242794
f27825b2c_181,-0.0027721107
f27825b2c_182,-0.07113783
f27825b2c_183,-0.34112805
f27825b2c_184,0.0015428811
f27825b2c_185,-0.00063154846
f27825b2c_186,0.059776966
f27825b2c_187,0.0011779445
f27825b2c_188,-0.17702505
f27825b2c_189,0.046285003
f27825b2c_190,-0.15930697
f27825b2c_191,0.100383736
f27825b2c_192,-0.20080149
f27825b2c_193,-0.12921268
f27825b2c_194,-0.22726378
f27825b2c_195,-0.011622327
f27825b2c_196,-0.070136264
f27825b2c_197,0.124435805
f27825b2c_198,0.0046105385
f27825b2c_199,0.097054265
f27825b2c_200,0.0020697638
f27825b2c_201,0.04502935
f27825b2c_202,-0.15350372
f27825b2c_203,-0.028122526
f27825b2c_204,-0.15335068
f27825b2c_205,0.1673576
f27825b2c_206,-0.15973869
f27825b2c_207,0.11425789
f27825b2c_208,0.0061917044
f27825b2c_209,-0.14576308
f27825b2c_210,0.020089963
f27825b2c_211,-0.27811545
f27825b2c_212,-0.12712899
f27825b2c_213,0.13053986
f27825b2c_214,-0.048842307
f27825b2c_215,-0.01938079
f27825b2c_216,0.17313021
f27825b2c_217,-0.009788509
f27825b2c_218,-0.13483667
f27825b2c_219,-0.15340684
f27825b2c_220,0.049286846
f27825b2c_221,0.27261811
f27825b2c_222,-0.050661877
f27825b2c_223,5.6190353e-33
f27825b2c_224,-0.09455411
f27825b2c_225,-0.07389372
f27825b2c_226,-0.03794014
f27825b2c_227,0.065745875
f27825b2c_228,0.13225171
f27825b2c_229,-0.07101044
f27825b2c_230,-0.055124827
f27825b2c_231,0.1451354
f27825b2c_232,-0.073412
f27825b2c_233,-0.10404445
f27825b2c_234,0.0713464
f27825b2c_235,0.1384443
f27825b2c_236,0.05067887
f27825b2c_237,0.021911664
f27825b2c_238,0.10520853
f27825b2c_239,-0.00102574
f27825b2c_240,-0.0020681303
f27825b2c_241,-0.0005215714
f27825b2c_242,-0.11188007
f27825b2c_243,0.16278644
f27825b2c_244,-0.004289262
f27825b2c_245,0.022426989
f27825b2c_246,-0.18275918
f27825b2c_247,-0.15836999
f27825b2c_248,-0.34701368
f27825b2c_249,0.36021048
f27825b2c_250,0.08191859
f27825b2c_251,-0.07161369
f27825b2c_252,0.031442747
f27825b2c_253,0.00084718503
f27825b2c_254,-0.1855962
f27825b2c_255,-0.1285435
f27825b2c_256,0.122547
f27825b2c_257,-0.10126898
f27825b2c_258,0.06914316
f27825b2c_259,-0.18040258
f27825b2c_260,-0.048770554
f27825b2c_261,-0.0014900733
f27825b2c_262,-0.011262089
f27825b2c_263,0.17607725
f27825b2c_264,-0.056339383
f27825b2c_265,0.11158042
f27825b2c_266,0.034989625
f27825b2c_267,-0.009639066
f27825b2c_268,0.052150484
f27825b2c_269,0.04860467
f27825b2c_270,-0.19145519
f27825b2c_271,-0.19001849
f27825b2c_272,0.16365707
f27825b2c_273,0.067052156
f27825b2c_274,0.0513415
f27825b2c_275,0.023242105
f27825b2c_276,0.083502546
f27825b2c_277,-0.20450728
f27825b2c_278,0.069397874
f27825b2c_279,0.057162847
f27825b2c_280,-0.24529025
f27825b2c_281,0.075780034
f27825b2c_282,-0.06380867
f27825b2c_283,0.012871338
f27825b2c_284,0.0027202943
f27825b2c_285,0.0012053847
f27825b2c_286,0.19452035
f27825b2c_287,-0.046603303
f27825b2c_288,-0.16271958
f27825b2c_289,0.20548058
f27825b2c_290,-0.01630203
f27825b2c_291,0.2686331
f27825b2c_292,0.079318136
f27825b2c_293,-0.012269393
f27825b2c_294,0.013200354
f27825b2c_295,-0.07746685
f27825b2c_296,0.0230461
f27825b2c_297,-0.29428557
f27825b2c_298,-0.01745042
f27825b2c_299,-0.053200327
f27825b2c_300,-0.08001522
f27825b2c_301,-0.12249269
f27825b2c_302,0.04334621
f27825b2c_303,-0.09646976
f27825b2c_304,-0.16319548
f27825b2c_305,-0.12919524
f27825b2c_306,-0.037256133
f27825b2c_307,-0.040641386
f27825b2c_308,-0.023044001
f27825b2c_309,0.110501036
f27825b2c_310,-0.13874781
f27825b2c_311,-0.15283866
f27825b2c_312,-0.16758117
f27825b2c_313,0.11687116
f27825b2c_314,-0.018999841
f27825b2c_315,0.4687066
f27825b2c_316,-0.068038106
f27825b2c_317,0.08144172
f27825b2c_318,0.07372068
f27825b2c_319,-7.9825824e-08
f27825b2c_320,-0.07708396
f27825b2c_321,-0.30647245
f27825b2c_322,0.04957951
f27825b2c_323,-0.2320047
f27825b2c_324,0.059356954
f27825b2c_325,-0.008597184
f27825b2c_326,0.15775208
f27825b2c_327,-0.2846285
f27825b2c_328,-0.13307461
f27825b2c_329,-0.0055313855
f27825b2c_330,-0.07245379
f27825b2c_331,0.036625486
f27825b2c_332,-0.09958817
f27825b2c_333,-0.032970734
f27825b2c_334,0.041890062
f27825b2c_335,-0.08870167
f27825b2c_336,-0.041683197
f27825b2c_337,-0.27967268
f27825b2c_338,-0.07339008
f27825b2c_339,-0.017614054
f27825b2c_340,0.059860967
f27825b2c_341,0.03327955
f27825b2c_342,0.14738335
f27825b2c_343,-0.22921717
f27825b2c_344,-0.034407284
f27825b2c_345,0.011435235
f27825b2c_346,0.028573306
f27825b2c_347,0.18532668
f27825b2c_348,0.016621774
f27825b2c_349,0.15431063
f27825b2c_350,0.0075724246
f27825b2c_351,0.11980797
f27825b2c_352,-0.09177449
f27825b2c_353,0.013571434
f27825b2c_354,0.20738441
f27825b2c_355,0.022817422
f27825b2c_356,-0.039883904
f27825b2c_357,0.09485596
f27825b2c_358,0.048701804
f27825b2c_359,-0.14353946
f27825b2c_360,-0.06316052
f27825b2c_361,-0.19085562
f27825b2c_362,-0.04003506
f27825b2c_363,0.10051471
f27825b2c_364,0.059495978
f27825b2c_365,0.0389627
f27825b2c_366,-0.045893874
f27825b2c_367,-0.04891752
f27825b2c_368,-0.16274974
f27825b2c_369,0.1407107
f27825b2c_370,-0.2204592
f27825b2c_371,0.01697932
f27825b2c_372,0.15546145
f27825b2c_373,0.05522814
f27825b2c_374,0.12211367
f27825b2c_375,-0.15449858
f27825b2c_376,0.17869866
f27825b2c_377,0.098365255
f27825b2c_378,0.008655578
f27825b2c_379,0.037546657
f27825b2c_380,0.12300858
f27825b2c_381,-0.1489961
f27825b2c_382,-0.044651814
f27825b2c_383,0.0625213
92e911621_0,-0.2122078
92e911621_1,0.1193922
92e911621_2,0.01001457
92e911621_3,0.05052774
92e911621_4,-0.13088107
92e911621_5,-0.051950052
92e911621_6,0.019599888
92e911621_7,-0.017330559
92e911621_8,-0.03240495
92e911621_9,-0.12803775
92e911621_10,-0.0067822468
92e911621_11,-0.25015622
92e911621_12,-0.17556122
92e911621_13,0.112801395
92e911621_14,-0.07769775
92e911621_15,0.017283082
92e911621_16,0.18174395
92e911621_17,0.09791034
92e911621_18,0.2642523
92e911621_19,-0.03247308
92e911621_20,0.09388987
92e911621_21,0.07368
92e911621_22,0.18300173
92e911621_23,0.17865044
92e911621_24,0.08956388
92e911621_25,-0.02761434
92e911621_26,0.0757998
92e911621_27,-0.0219724
92e911621_28,-0.046453837
92e911621_29,-0.049702376
92e911621_30,-0.115498245
92e911621_31,-0.12841374
92e911621_32,-0.03857935
92e911621_33,0.056224234
92e911621_34,0.016483516
92e911621_35,0.03861845
92e911621_36,0.088586986
92e911621_37,-0.03734816
92e911621_38,0.15662031
92e911621_39,0.019667182
92e911621_40,-0.042558033
92e911621_41,0.11492071
92e911621_42,0.06039182
92e911621_43,-0.06882292
92e911621_44,-0.1615426
92e911621_45,0.006817215
92e911621_46,-0.33979553
92e911621_47,-0.011827752
92e911621_48,0.0043485165
92e911621_49,-0.1303172
92e911621_50,-0.1649329
92e911621_51,-0.17475851
92e911621_52,-0.12859316
92e911621_53,-0.18895985
92e911621_54,-0.07195304
92e911621_55,-0.09230834
92e911621_56,0.1242944
92e911621_57,-0.16879338
92e911621_58,0.098382704
92e911621_59,-0.06943526
92e911621_60,0.085926324
92e911621_61,-0.08992194
92e911621_62,0.12567744
92e911621_63,0.19319916
92e911621_64,0.0040625785
92e911621_65,-0.13951227
92e911621_66,-0.09408779
92e911621_67,0.018992154
92e911621_68,-0.12717384
92e911621_69,-0.05249334
92e911621_70,-0.11660567
92e911621_71,0.061380602
92e911621_72,0.036293153
92e911621_73,-0.21471594
92e911621_74,-0.033333864
92e911621_75,-0.17862429
92e911621_76,0.08359986
92e911621_77,-0.19917123
92e911621_78,-0.13694394
92e911621_79,0.01380191
92e911621_80,0.003753257
92e911621_81,0.12968156
92e911621_82,-0.014552873
92e911621_83,-0.18291247
92e911621_84,-0.032164782
92e911621_85,0.062485233
92e911621_86,0.0016603246
92e911621_87,0.1030026
92e911621_88,-0.1647407
92e911621_89,-0.09356806
92e911621_90,-0.021972336
92e911621_91,-0.011808876
92e911621_92,-0.017944315
92e911621_93,-0.08581039
92e911621_94,-0.07369566
92e911621_95,-0.055926356
92e911621_96,0.07630488
92e911621_97,-0.12278383
92e911621_98,0.05175941
92e911621_99,0.09790586
92e911621_100,0.05958639
92e911621_101,-0.11128264
92e911621_102,0.10390251
92e911621_103,-0.14027642
92e911621_104,0.09085235
92e911621_105,0.016813343
92e911621_106,-0.16045962
92e911621_107,-0.15127163
92e911621_108,0.31029788
92e911621_109,0.09362524
92e911621_110,-0.103554845
92e911621_111,0.08002125
92e911621_112,-0.0793695
92e911621_113,0.041221444
92e911621_114,-0.20335448
92e911621_115,-0.25854096
92e911621_116,-0.17319112
92e911621_117,-0.1403973
92e911621_118,0.12999636
92e911621_119,0.15313059
92e911621_120,0.046643805
92e911621_121,-0.011270694
92e911621_122,-0.05552121
92e911621_123,0.09209381
92e911621_124,0.15587029
92e911621_125,-0.11320545
92e911621_126,0.04065399
92e911621_127,-1.0273603e-32
92e911621_128,0.15866359
92e911621_129,-0.10484065
92e911621_130,0.09439298
92e911621_131,-0.21917462
92e911621_132,0.42934734
92e911621_133,-0.06626049
92e911621_134,0.063885614
92e911621_135,-0.013033612
92e911621_136,-0.15332596
92e911621_137,0.21923886
92e911621_138,-0.15061964
92e911621_139,-0.14832655
92e911621_140,-0.19531868
92e911621_141,0.19549757
92e911621_142,-0.13919635
92e911621_143,-0.056319907
92e911621_144,-0.199238
92e911621_145,0.109018065
92e911621_146,0.012359584
92e911621_147,0.13212824
92e911621_148,-0.152695
92e911621_149,0.21788146
92e911621_150,0.046029884
92e911621_151,-0.11228782
92e911621_152,0.0028054733
92e911621_153,-0.014366664
92e911621_154,-0.35320556
92e911621_155,-0.13308305
92e911621_156,-0.0071055703
92e911621_157,0.086071566
92e911621_158,0.17458606
92e911621_159,-0.12254415
92e911621_160,-0.29222202
92e911621_161,0.005758457
92e911621_162,-0.061322637
92e911621_163,-0.2733649
92e911621_164,0.09406957
92e911621_165,-0.35279107
92e911621_166,-0.088011585
92e911621_167,0.073184
92e911621_168,0.1560907
92e911621_169,-0.03875885
92e911621_170,-0.102062
92e911621_171,0.13163343
92e911621_172,-0.1922335
92e911621_173,0.05263339
92e911621_174,0.32481843
92e911621_175,0.1540726
92e911621_176,-0.11218286
92e911621_177,0.1356894
92e911621_178,-0.089056015
92e911621_179,-0.08271102
92e911621_180,0.015464686
92e911621_181,-0.17960456
92e911621_182,-0.18167198
92e911621_183,-0.1311917
92e911621_184,0.1397954
92e911621_185,-0.05720044
92e911621_186,0.06622341
92e911621_187,-0.07602107
92e911621_188,0.22273058
92e911621_189,0.15366489
92e911621_190,0.14471962
92e911621_191,-0.1917573
92e911621_192,0.0697239
92e911621_193,-0.087193295
92e911621_194,0.027295547
92e911621_195,0.041078094
92e911621_196,0.22102779
92e911621_197,0.047078833
92e911621_198,0.0695984
92e911621_199,-0.30617484
92e911621_200,0.07113585
92e911621_201,-0.22096875
92e911621_202,0.018355653
92e911621_203,-0.037668206
92e911621_204,0.018382046
92e911621_205,-0.0869395
92e911621_206,-0.23429865
92e911621_207,0.16779546
92e911621_208,0.14638281
92e911621_209,-0.23106466
92e911621_210,0.042284768
92e911621_211,-0.19769248
92e911621_212,-0.00063742837
92e911621_213,0.21121
92e911621_214,0.08033489
92e911621_215,-0.22064048
92e911621_216,0.29006463
92e911621_217,0.085898876
92e911621_218,-0.25227845
92e911621_219,-0.16450939
92e911621_220,-0.04002703
92e911621_221,-0.035591412
92e911621_222,0.038686387
92e911621_223,1.4794618e-33
92e911621_224,-0.02538098
92e911621_225,-0.00053129066
92e911621_226,0.08960345
92e911621_227,0.07567225
92e911621_228,-0.019067774
92e911621_229,-0.05926565
92e911621_230,-0.12503374
92e911621_231,0.24576825
92e911621_232,-0.11664026
92e911621_233,-0.2353062
92e911621_234,0.012823292
92e911621_235,0.008099733
92e911621_236,0.15484616
92e911621_237,-0.10369799
92e911621_238,0.12594125
92e911621_239,0.1937021
92e911621_240,0.19924772
92e911621_241,-0.02377147
92e911621_242,0.04585789
92e911621_243,0.108320214
92e911621_244,-0.11547686
92e911621_245,-0.08928113
92e911621_246,-0.17832798
92e911621_247,0.282474
92e911621_248,0.04463205
92e911621_249,0.26519027
92e911621_250,0.10637724
92e911621_251,-0.09698626
92e911621_252,-0.044747308
92e911621_253,0.026181933
92e911621_254,-0.07655713
92e911621_255,-0.09227066
92e911621_256,0.21410239
92e911621_257,-0.013524983
92e911621_258,0.018116983
92e911621_259,-0.07612384
92e911621_260,-0.124217845
92e911621_261,-0.22716643
92e911621_262,0.0053397976
92e911621_263,-0.02030002
92e911621_264,0.09703916
92e911621_265,0.051068764
92e911621_266,0.04967522
92e911621_267,0.42155284
92e911621_268,-0.014300715
92e911621_269,-0.1923582
92e911621_270,-0.09041539
92e911621_271,0.17254488
92e911621_272,0.08563426
92e911621_273,0.109810725
92e911621_274,-0.013609572
92e911621_275,0.06529225
92e911621_276,0.10307533
92e911621_277,-0.21404703
92e911621_278,0.06352614
92e911621_279,0.06411822
92e911621_280,-0.24117057
92e911621_281,-0.055460617
92e911621_282,0.05808477
92e911621_283,0.059223644
92e911621_284,-0.14590055
92e911621_285,-0.14345595
92e911621_286,-0.13245854
92e911621_287,0.0043495763
92e911621_288,0.16909888
92e911621_289,0.20402819
92e911621_290,-0.12865049
92e911621_291,-0.08413577
92e911621_292,0.05878472
92e911621_293,0.089599885
92e911621_294,0.079150155
92e911621_295,0.19028157
92e911621_296,0.11337235
92e911621_297,0.009455772
92e911621_298,-0.0007636058
92e911621_299,0.13930176
92e911621_300,0.12313582
92e911621_301,-0.090854295
92e911621_302,0.11497103
92e911621_303,0.15331957
92e911621_304,-0.06040819
92e911621_305,-0.13852905
92e911621_306,0.15307482
92e911621_307,0.04941508
92e911621_308,0.07724661
92e911621_309,0.06430734
92e911621_310,-0.17299005
92e911621_311,0.13164681
92e911621_312,-0.16347718
92e911621_313,-0.058797054
92e911621_314,0.0065946546
92e911621_315,0.18346089
92e911621_316,0.055017956
92e911621_317,0.22663277
92e911621_318,0.08652374
92e911621_319,-6.857153e-08
92e911621_320,0.28795162
92e911621_321,-0.049716234
92e911621_322,0.16580583
92e911621_323,-0.14706574
92e911621_324,0.071543716
92e911621_325,-0.17722161
92e911621_326,0.07832666
92e911621_327,-0.21910337
92e911621_328,-0.11784954
92e911621_329,-0.010627484
92e911621_330,-0.04117418
92e911621_331,0.2436328
92e911621_332,0.046080783
92e911621_333,0.22403246
92e911621_334,0.019886242
92e911621_335,0.12072618
92e911621_336,0.13381568
92e911621_337,-0.043211266
92e911621_338,-0.058762588
92e911621_339,0.12363948
92e911621_340,-0.12795722
92e911621_341,-0.041921496
92e911621_342,0.044596363
92e911621_343,-0.2360002
92e911621_344,-0.09606505
92e911621_345,0.25990778
92e911621_346,-0.06937121
92e911621_347,0.116810404
92e911621_348,0.31337327
92e911621_349,0.08063859
92e911621_350,0.041055337
92e911621_351,0.07746165
92e911621_352,-0.18115972
92e911621_353,0.015098775
92e911621_354,0.16901961
92e911621_355,-0.036828607
92e911621_356,-0.41266385
92e911621_357,-0.08016238
92e911621_358,0.046503436
92e911621_359,-0.24027547
92e911621_360,0.23039642
92e911621_361,-0.10669161
92e911621_362,0.20555511
92e911621_363,0.1088679
92e911621_364,-0.11420454
92e911621_365,0.27393788
92e911621_366,0.014732425
92e911621_367,-0.12490022
92e911621_368,-0.07216114
92e911621_369,0.015034538
92e911621_370,-0.077320166
92e911621_371,0.022487376
92e911621_372,-0.091254175
92e911621_373,0.09919638
92e911621_374,0.064654246
92e911621_375,-0.1575439
92e911621_376,0.24712346
92e911621_377,0.16684476
92e911621_378,-0.0925331
92e911621_379,0.06954105
92e911621_380,0.09585756
92e911621_381,0.066879265
92e911621_382,0.090515316
92e911621_383,-0.00971494
a4e1c55a9_0,-0.17005727
a4e1c55a9_1,0.07198817
a4e1c55a9_2,-0.06418675
a4e1c55a9_3,-0.22064906
a4e1c55a9_4,-0.09207578
a4e1c55a9_5,-0.026847554
a4e1c55a9_6,0.047884904
a4e1c55a9_7,0.13792823
a4e1c55a9_8,-0.14494303
a4e1c55a9_9,0.07742306
a4e1c55a9_10,0.14152882
a4e1c55a9_11,0.032710463
a4e1c55a9_12,0.16544801
a4e1c55a9_13,0.14776608
a4e1c55a9_14,0.04970929
a4e1c55a9_15,0.10896102
a4e1c55a9_16,-0.08278711
a4e1c55a9_17,-0.014225295
a4e1c55a9_18,0.0629065
a4e1c55a9_19,0.11931959
a4e1c55a9_20,0.050812587
a4e1c55a9_21,-0.13709891
a4e1c55a9_22,0.106154226
a4e1c55a9_23,-0.10316895
a4e1c55a9_24,-0.13773628
a4e1c55a9_25,0.267855
a4e1c55a9_26,0.26892942
a4e1c55a9_27,-0.22603048
a4e1c55a9_28,-0.013666112
a4e1c55a9_29,-0.20953105
a4e1c55a9_30,-0.15383787
a4e1c55a9_31,0.031330608
a4e1c55a9_32,-0.03520723
a4e1c55a9_33,0.061331086
a4e1c55a9_34,0.20162882
a4e1c55a9_35,0.022416068
a4e1c55a9_36,-0.17596956
a4e1c55a9_37,0.12094251
a4e1c55a9_38,0.103692904
a4e1c55a9_39,0.0068472456
a4e1c55a9_40,-0.22408971
a4e1c55a9_41,0.000547139
a4e1c55a9_42,0.08452376
a4e1c55a9_43,-0.038737908
a4e1c55a9_44,0.091380864
a4e1c55a9_45,0.17656824
a4e1c55a9_46,-0.16764095
a4e1c55a9_47,-0.10718803
a4e1c55a9_48,0.11308955
a4e1c55a9_49,0.11238262
a4e1c55a9_50,-0.22807483
a4e1c55a9_51,-0.07193201
a4e1c55a9_52,-0.14354782
a4e1c55a9_53,-0.1220729
a4e1c55a9_54,-0.07534524
a4e1c55a9_55,-0.055275124
a4e1c55a9_56,0.042320427
a4e1c55a9_57,-0.050020847
a4e1c55a9_58,0.08379018
a4e1c55a9_59,-0.16470176
a4e1c55a9_60,-0.03328194
a4e1c55a9_61,0.18348938
a4e1c55a9_62,0.081846625
a4e1c55a9_63,0.08478922
a4e1c55a9_64,0.042396523
a4e1c55a9_65,-0.096416965
a4e1c55a9_66,-0.23790547
a4e1c55a9_67,-0.12701304
a4e1c55a9_68,-0.04140749
a4e1c55a9_69,-0.056163426
a4e1c55a9_70,0.14562023
a4e1c55a9_71,0.04867028
a4e1c55a9_72,0.08816325
a4e1c55a9_73,-0.14792165
a4e1c55a9_74,0.084780015
a4e1c55a9_75,-0.20553936
a4e1c55a9_76,0.041771468
a4e1c55a9_77,-0.06488943
a4e1c55a9_78,0.019793978
a4e1c55a9_79,-0.108299896
a4e1c55a9_80,-0.009124577
a4e1c55a9_81,0.07816181
a4e1c55a9_82,-0.10919671
a4e1c55a9_83,0.38388458
a4e1c55a9_84,-0.06494222
a4e1c55a9_85,0.203814
a4e1c55a9_86,-0.039722625
a4e1c55a9_87,0.0053082015
a4e1c55a9_88,-0.0489337
a4e1c55a9_89,0.12583904
a4e1c55a9_90,0.1506186
a4e1c55a9_91,0.011956722
a4e1c55a9_92,-0.10797471
a4e1c55a9_93,-0.1561615
a4e1c55a9_94,-0.07728599
a4e1c55a9_95,-0.005212794
a4e1c55a9_96,-0.015583515
a4e1c55a9_97,-0.18884014
a4e1c55a9_98,0.02464783
a4e1c55a9_99,0.07913299
a4e1c55a9_100,0.039723083
a4e1c55a9_101,-0.07934147
a4e1c55a9_102,0.15938827
a4e1c55a9_103,-0.011428051
a4e1c55a9_104,-0.018439222
a4e1c55a9_105,-0.06739356
a4e1c55a9_106,-0.07712022
a4e1c55a9_107,-0.16072871
a4e1c55a9_108,0.20136449
a4e1c55a9_109,-0.0057295
a4e1c55a9_110,-0.0060541965
a4e1c55a9_111,-0.28367198
a4e1c55a9_112,-0.05794447
a4e1c55a9_113,0.22093998
a4e1c55a9_114,0.15629885
a4e1c55a9_115,-0.069203585
a4e1c55a9_116,0.04018907
a4e1c55a9_117,-0.10260415
a4e1c55a9_118,0.053938344
a4e1c55a9_119,-0.016737435
a4e1c55a9_120,0.23223251
a4e1c55a9_121,-0.052457776
a4e1c55a9_122,-0.07087362
a4e1c55a9_123,0.025565892
a4e1c55a9_124,-0.016900893
a4e1c55a9_125,-0.048136797
a4e1c55a9_126,-0.11766362
a4e1c55a9_127,-1.5898755e-32
a4e1c55a9_128,0.22161254
a4e1c55a9_129,0.02010442
a4e1c55a9_130,-0.025044357
a4e1c55a9_131,0.0070174104
a4e1c55a9_132,0.020299524
a4e1c55a9_133,0.10667127
a4e1c55a9_134,0.09147
a4e1c55a9_135,0.116087995
a4e1c55a9_136,-0.12250513
a4e1c55a9_137,0.041770823
a4e1c55a9_138,-0.22016631
a4e1c55a9_139,-0.026048655
a4e1c55a9_140,-0.14402713
a4e1c55a9_141,0.41420355
a4e1c55a9_142,0.06040486
a4e1c55a9_143,-0.07851131
a4e1c55a9_144,0.18110794
a4e1c55a9_145,0.012249652
a4e1c55a9_146,-0.02715481
a4e1c55a9_147,0.21482496
a4e1c55a9_148,0.049948476
a4e1c55a9_149,-0.027497202
a4e1c55a9_150,0.12957524
a4e1c55a9_151,-0.022031069
a4e1c55a9_152,0.1195383
a4e1c55a9_153,0.17170927
a4e1c55a9_154,-0.09125918
a4e1c55a9_155,-0.10930683
a4e1c55a9_156,-0.031735096
a4e1c55a9_157,-0.00547421
a4e1c55a9_158,-0.123825684
a4e1c55a9_159,0.18398651
a4e1c55a9_160,-0.04890919
a4e1c55a9_161,0.08674601
a4e1c55a9_162,-0.26506802
a4e1c55a9_163,-0.122308075
a4e1c55a9_164,-0.07840745
a4e1c55a9_165,-0.2899985
a4e1c55a9_166,-0.04985392
a4e1c55a9_167,0.08980338
a4e1c55a9_168,-0.052498452
a4e1c55a9_169,0.020496998
a4e1c55a9_170,0.04593321
a4e1c55a9_171,-0.14406459
a4e1c55a9_172,0.07310102
a4e1c55a9_173,-0.038125373
a4e1c55a9_174,-0.0872992
a4e1c55a9_175,0.009481467
a4e1c55a9_176,0.101315245
a4e1c55a9_177,0.11739911
a4e1c55a9_178,0.0072182305
a4e1c55a9_179,0.16159788
a4e1c55a9_180,0.08063931
a4e1c55a9_181,-0.1806033
a4e1c55a9_182,-0.00836027
a4e1c55a9_183,-0.2877094
a4e1c55a9_184,-0.0031298287
a4e1c55a9_185,-0.046649966
a4e1c55a9_186,-0.15062168
a4e1c55a9_187,0.06200314
a4e1c55a9_188,0.13420579
a4e1c55a9_189,0.25372487
a4e1c55a9_190,0.067378886
a4e1c55a9_191,0.1482656
a4e1c55a9_192,0.11662697
a4e1c55a9_193,-0.046748698
a4e1c55a9_194,0.006245138
a4e1c55a9_195,-0.10658736
a4e1c55a9_196,0.16316858
a4e1c55a9_197,-0.0038814768
a4e1c55a9_198,-0.104425244
a4e1c55a9_199,-0.071603805
a4e1c55a9_200,0.13543507
a4e1c55a9_201,-0.19718748
a4e1c55a9_202,-0.19015792
a4e1c55a9_203,0.039084766
a4e1c55a9_204,-0.005154211
a4e1c55a9_205,-0.09240889
a4e1c55a9_206,-0.0030922443
a4e1c55a9_207,0.071483545
a4e1c55a9_208,-0.1846411
a4e1c55a9_209,0.018238181
a4e1c55a9_210,-0.06783408
a4e1c55a9_211,-0.3375634
a4e1c55a9_212,-0.01957881
a4e1c55a9_213,0.09180841
a4e1c55a9_214,0.1433511
a4e1c55a9_215,-0.04257447
a4e1c55a9_216,-0.012724146
a4e1c55a9_217,0.054046907
a4e1c55a9_218,-0.26978275
a4e1c55a9_219,-0.067839414
a4e1c55a9_220,-0.115931794
a4e1c55a9_221,0.024126649
a4e1c55a9_222,0.0051710084
a4e1c55a9_223,5.0396955e-33
a4e1c55a9_224,-0.2259603
a4e1c55a9_225,-0.091630146
a4e1c55a9_226,0.099793255
a4e1c55a9_227,0.06676148
a4e1c55a9_228,-0.09452902
a4e1c55a9_229,-0.054464243
a4e1c55a9_230,0.15639472
a4e1c55a9_231,0.014070438
a4e1c55a9_232,0.06255482
a4e1c55a9_233,0.3484058
a4e1c55a9_234,-0.008539662
a4e1c55a9_235,0.091398746
a4e1c55a9_236,0.15383142
a4e1c55a9_237,0.08818313
a4e1c55a9_238,0.26427203
a4e1c55a9_239,0.07801238
a4e1c55a9_240,-0.07948445
a4e1c55a9_241,0.008125067
a4e1c55a9_242,-0.05527485
a4e1c55a9_243,-0.13870445
a4e1c55a9_244,-0.09188897
a4e1c55a9_245,0.24608383
a4e1c55a9_246,-0.11945358
a4e1c55a9_247,0.054896183
a4e1c55a9_248,0.07972565
a4e1c55a9_249,0.14247079
a4e1c55a9_250,-0.050180037
a4e1c55a9_251,-0.18954124
a4e1c55a9_252,-0.028097112
a4e1c55a9_253,0.07396747
a4e1c55a9_254,-0.06712899
a4e1c55a9_255,-0.28979164
a4e1c55a9_256,0.12599313
a4e1c55a9_257,0.23119977
a4e1c55a9_258,0.14583428
a4e1c55a9_259,-0.19321284
a4e1c55a9_260,-0.02449401
a4e1c55a9_261,-0.14954364
a4e1c55a9_262,0.030317053
a4e1c55a9_263,-0.16810364
a4e1c55a9_264,0.14928971
a4e1c55a9_265,-0.026810385
a4e1c55a9_266,0.021210618
a4e1c55a9_267,0.100825205
a4e1c55a9_268,-0.022576902
a4e1c55a9_269,-0.23624861
a4e1c55a9_270,-0.1411902
a4e1c55a9_271,0.09891711
a4e1c55a9_272,0.08997895
a4e1c55a9_273,0.11432666
a4e1c55a9_274,-0.012347382
a4e1c55a9_275,-0.031151552
a4e1c55a9_276,0.19199571
a4e1c55a9_277,-0.3554553
a4e1c55a9_278,-0.086762935
a4e1c55a9_279,0.034153078
a4e1c55a9_280,-0.030752031
a4e1c55a9_281,-0.037347693
a4e1c55a9_282,0.106275655
a4e1c55a9_283,0.18193486
a4e1c55a9_284,0.054979637
a4e1c55a9_285,-0.010476511
a4e1c55a9_286,-0.084030874
a4e1c55a9_287,0.005114598
a4e1c55a9_288,-0.19597617
a4e1c55a9_289,-0.07172809
a4e1c55a9_290,0.088762805
a4e1c55a9_291,-0.13262
a4e1c55a9_292,0.017382918
a4e1c55a9_293,-0.22412777
a4e1c55a9_294,0.2537364
a4e1c55a9_295,0.2711718
a4e1c55a9_296,0.20108674
a4e1c55a9_297,0.2147535
a4e1c55a9_298,0.25722384
a4e1c55a9_299,0.02563167
a4e1c55a9_300,0.050134346
a4e1c55a9_301,0.070939615
a4e1c55a9_302,0.1457425
a4e1c55a9_303,-0.0936994
a4e1c55a9_304,-0.22932146
a4e1c55a9_305,-0.034147356
a4e1c55a9_306,0.0054085907
a4e1c55a9_307,0.2653358
a4e1c55a9_308,-0.020240812
a4e1c55a9_309,0.07019538
a4e1c55a9_310,-0.3107176
a4e1c55a9_311,-0.017516878
a4e1c55a9_312,0.04850462
a4e1c55a9_313,-0.07852581
a4e1c55a9_314,0.044935375
a4e1c55a9_315,0.22066216
a4e1c55a9_316,0.1699557
a4e1c55a9_317,0.10381495
a4e1c55a9_318,-0.14522864
a4e1c55a9_319,-6.865304e-08
a4e1c55a9_320,-0.018079728
a4e1c55a9_321,-0.15186325
a4e1c55a9_322,0.097503774
a4e1c55a9_323,-0.23691314
a4e1c55a9_324,0.11087972
a4e1c55a9_325,0.0032902095
a4e1c55a9_326,0.16986656
a4e1c55a9_327,-0.33806667
a4e1c55a9_328,-0.24662036
a4e1c55a9_329,-0.14578737
a4e1c55a9_330,0.22629055
a4e1c55a9_331,-0.050399885
a4e1c55a9_332,-0.11419023
a4e1c55a9_333,0.06411555
a4e1c55a9_334,0.17405713
a4e1c55a9_335,0.09580161
a4e1c55a9_336,0.2367609
a4e1c55a9_337,-0.0014156215
a4e1c55a9_338,0.08928694
a4e1c55a9_339,-0.08722839
a4e1c55a9_340,0.01666085
a4e1c55a9_341,-0.25178325
a4e1c55a9_342,-0.04050034
a4e1c55a9_343,0.052763782
a4e1c55a9_344,-0.3728016
a4e1c55a9_345,-0.033258915
a4e1c55a9_346,-0.13717577
a4e1c55a9_347,0.0580413
a4e1c55a9_348,-0.12527308
a4e1c55a9_349,0.011914182
a4e1c55a9_350,-0.07236779
a4e1c55a9_351,0.045542747
a4e1c55a9_352,0.15375157
a4e1c55a9_353,-0.07765131
a4e1c55a9_354,0.27260137
a4e1c55a9_355,-0.20703903
a4e1c55a9_356,-0.059091814
a4e1c55a9_357,-0.18925221
a4e1c55a9_358,-0.17488986
a4e1c55a9_359,0.18482754
a4e1c55a9_360,0.2132304
a4e1c55a9_361,0.1270912
a4e1c55a9_362,-0.016456185
a4e1c55a9_363,-0.067765065
a4e1c55a9_364,0.042655725
a4e1c55a9_365,-0.09094121
a4e1c55a9_366,0.019264402
a4e1c55a9_367,-0.43347013
a4e1c55a9_368,-0.22875208
a4e1c55a9_369,0.07557798
a4e1c55a9_370,-0.330047
a4e1c55a9_371,-0.032462306
a4e1c55a9_372,0.029867921
a4e1c55a9_373,0.049596936
a4e1c55a9_374,0.251258
a4e1c55a9_375,-0.056375306
a4e1c55a9_376,0.17392126
a4e1c55a9_377,-0.26855302
a4e1c55a9_378,-0.09402649
a4e1c55a9_379,0.14409615
a4e1c55a9_380,0.034739222
a4e1c55a9_381,0.3719283
a4e1c55a9_382,0.06483354
a4e1c55a9_383,0.115267426
20057f34d_0,0.112623855
20057f34d_1,0.211095
20057f34d_2,-0.05343502
20057f34d_3,0.013518013
20057f34d_4,0.011824941
20057f34d_5,-0.26340967
20057f34d_6,-0.03552363
20057f34d_7,0.07941695
20057f34d_8,0.25589055
20057f34d_9,0.01965054
20057f34d_10,-0.11650371
20057f34d_11,-0.11686775
20057f34d_12,-0.017480806
20057f34d_13,0.05169309
20057f34d_14,-0.053536266
20057f34d_15,-0.026057571
20057f34d_16,-0.12522557
20057f34d_17,-0.042971905
20057f34d_18,0.2037873
20057f34d_19,0.039211776
20057f34d_20,-0.018334445
20057f34d_21,0.065364614
20057f34d_22,-0.04437746
20057f34d_23,-0.010603126
20057f34d_24,-0.11396868
20057f34d_25,0.10465084
20057f34d_26,0.046168435
20057f34d_27,0.057732143
20057f34d_28,0.020486206
20057f34d_29,-0.13835254
20057f34d_30,-0.10349906
20057f34d_31,0.18420741
20057f34d_32,-0.08625754
20057f34d_33,0.028449614
20057f34d_34,0.20614518
20057f34d_35,0.14402856
20057f34d_36,-0.04432037
20057f34d_37,0.23383632
20057f34d_38,0.12453313
20057f34d_39,-0.099693894
20057f34d_40,-0.13313626
20057f34d_41,0.024128955
20057f34d_42,0.17846808
20057f34d_43,-0.07091029
20057f34d_44,-0.038679507
20057f34d_45,0.07072903
20057f34d_46,-0.12540767
20057f34d_47,-0.03927467
20057f34d_48,-0.0061035343
20057f34d_49,-0.2079871
20057f34d_50,-0.0411359
20057f34d_51,-0.25874293
20057f34d_52,-0.24640667
20057f34d_53,-0.068672806
20057f34d_54,0.101817325
20057f34d_55,-0.049619455
20057f34d_56,-0.08211335
20057f34d_57,-0.15274471
20057f34d_58,0.05709413
20057f34d_59,-0.09280954
20057f34d_60,0.25127465
20057f34d_61,0.061863363
20057f34d_62,-0.15882307
20057f34d_63,0.11054892
20057f34d_64,0.09123075
20057f34d_65,-0.23214847
20057f34d_66,0.014401884
20057f34d_67,-0.27651775
20057f34d_68,-0.062335774
20057f34d_69,-0.15396929
20057f34d_70,-0.021484224
20057f34d_71,0.0476556
20057f34d_72,-0.110496186
20057f34d_73,-0.2783389
20057f34d_74,0.16538611
20057f34d_75,0.028712975
20057f34d_76,-0.1026982
20057f34d_77,0.08790525
20057f34d_78,-0.01376009
20057f34d_79,-0.06785299
20057f34d_80,0.25684682
20057f34d_81,0.36024165
20057f34d_82,0.097514495
20057f34d_83,0.03715708
20057f34d_84,-0.121898286
20057f34d_85,0.08800556
20057f34d_86,0.08059441
20057f34d_87,-0.03348256
20057f34d_88,-0.0012971982
20057f34d_89,-0.1035458
20057f34d_90,-0.021446012
20057f34d_91,-0.13299872
20057f34d_92,-0.19390817
20057f34d_93,0.015838686
20057f34d_94,0.039011694
20057f34d_95,-0.09983586
20057f34d_96,-0.042506807
20057f34d_97,-0.060393732
20057f34d_98,0.0018727779
20057f34d_99,0.21383718
20057f34d_100,0.11569632
20057f34d_101,-0.09634081
20057f34d_102,-0.10737313
20057f34d_103,-0.030392332
20057f34d_104,0.11773315
20057f34d_105,0.08386897
20057f34d_106,-0.017376613
20057f34d_107,0.10537112
20057f34d_108,0.18581344
20057f34d_109,0.04299353
20057f34d_110,-0.10897037
20057f34d_111,-0.021704424
20057f34d_112,-0.029233888
20057f34d_113,-0.15508482
20057f34d_114,-0.122023776
20057f34d_115,-0.058470525
20057f34d_116,-0.0036050975
20057f34d_117,-0.05656598
20057f34d_118,0.043760903
20057f34d_119,-0.0030549013
20057f34d_120,-0.02596452
20057f34d_121,0.09702171
20057f34d_122,-0.06537153
20057f34d_123,-0.03178471
20057f34d_124,-0.016668277
20057f34d_125,-0.09951979
20057f34d_126,-0.08861551
20057f34d_127,-5.8874282e-33
20057f34d_128,0.20355636
20057f34d_129,0.15352191
20057f34d_130,0.01613138
20057f34d_131,-0.032839358
20057f34d_132,0.03291844
20057f34d_133,-0.15306708
20057f34d_134,0.15791108
20057f34d_135,0.12350366
20057f34d_136,0.027212627
20057f34d_137,0.141833
20057f34d_138,-0.21481329
20057f34d_139,-0.12060042
20057f34d_140,-0.026585985
20057f34d_141,0.14655942
20057f34d_142,-0.0026979828
20057f34d_143,-0.023015661
20057f34d_144,0.039329585
20057f34d_145,-0.030090272
20057f34d_146,-0.17910701
20057f34d_147,-0.058193654
20057f34d_148,-0.06113243
20057f34d_149,-0.0516421
20057f34d_150,0.03387077
20057f34d_151,-0.06850232
20057f34d_152,0.09381506
20057f34d_153,0.25663912
20057f34d_154,0.055884473
20057f34d_155,-0.10515923
20057f34d_156,-0.116799146
20057f34d_157,0.08379257
20057f34d_158,-0.03906645
20057f34d_159,0.15657046
20057f34d_160,0.08751185
20057f34d_161,0.082779
20057f34d_162,-0.11557842
20057f34d_163,0.1424834
20057f34d_164,0.14407775
20057f34d_165,-0.15791339
20057f34d_166,-0.11992708
20057f34d_167,-0.02200138
20057f34d_168,-0.02684527
20057f34d_169,-0.10131563
20057f34d_170,-0.23600385
20057f34d_171,0.08300236
20057f34d_172,0.079747155
20057f34d_173,-0.029840816
20057f34d_174,0.09491295
20057f34d_175,0.009921398
20057f34d_176,-0.0298369
20057f34d_177,0.13602397
20057f34d_178,-0.03751012
20057f34d_179,0.17239432
20057f34d_180,-0.062922366
20057f34d_181,-0.03870539
20057f34d_182,-0.049303588
20057f34d_183,-0.012604598
20057f34d_184,-0.02632175
20057f34d_185,-0.20758365
20057f34d_186,-0.036321256
20057f34d_187,0.05610041
20057f34d_188,0.04365491
20057f34d_189,0.05604534
20057f34d_190,-0.13296795
20057f34d_191,0.07275577
20057f34d_192,-0.06145349
20057f34d_193,-0.049876012
20057f34d_194,-0.14412564
20057f34d_195,-0.13394824
20057f34d_196,0.075782
20057f34d_197,-0.077505514
20057f34d_198,-0.19423863
20057f34d_199,0.034121584
20057f34d_200,0.16664684
20057f34d_201,-0.05270972
20057f34d_202,-0.18597084
20057f34d_203,-0.05773462
20057f34d_204,-0.029747538
20057f34d_205,-0.070298865
20057f34d_206,-0.001822196
20057f34d_207,0.1163979
20057f34d_208,-0.13603935
20057f34d_209,-0.18367188
20057f34d_210,0.04259866
20057f34d_211,-0.27500468
20057f34d_212,-0.14036554
20057f34d_213,-0.045532092
20057f34d_214,0.22516266
20057f34d_215,-0.08726214
20057f34d_216,-0.0056210216
20057f34d_217,-0.10420789
20057f34d_218,-0.32721585
20057f34d_219,-0.013178872
20057f34d_220,0.094954014
20057f34d_221,-0.06349385
20057f34d_222,0.032720372
20057f34d_223,9.304839e-34
20057f34d_224,-0.06379196
20057f34d_225,-0.06270473
20057f34d_226,-0.1324193
20057f34d_227,0.054745708
20057f34d_228,0.108262345
20057f34d_229,-0.077835016
20057f34d_230,0.05726047
20057f34d_231,0.08028398
20057f34d_232,-0.33943772
20057f34d_233,0.06648053
20057f34d_234,-0.082683794
20057f34d_235,0.15860958
20057f34d_236,0.2584232
20057f34d_237,-0.057122346
20057f34d_238,0.06393468
20057f34d_239,-0.23056722
20057f34d_240,0.040666018
20057f34d_241,-0.10696075
20057f34d_242,-0.11003107
20057f34d_243,0.33159673
20057f34d_244,0.030191582
20057f34d_245,0.113762945
20057f34d_246,-0.08082329
20057f34d_247,-0.41119024
20057f34d_248,0.0014093295
20057f34d_249,0.24413261
20057f34d_250,0.2154418
20057f34d_251,-0.25860813
20057f34d_252,-0.13312697
20057f34d_253,0.18485418
20057f34d_254,-0.13624136
20057f34d_255,-0.054479305
20057f34d_256,0.20658205
20057f34d_257,0.03947755
20057f34d_258,-0.09574135
20057f34d_259,-0.0031572655
20057f34d_260,0.11435622
20057f34d_261,-0.3150584
20057f34d_262,-0.13732752
20057f34d_263,-0.22747418
20057f34d_264,0.12016063
20057f34d_265,0.16465521
20057f34d_266,-0.02347306
20057f34d_267,0.18358353
20057f34d_268,-0.005220752
20057f34d_269,-0.14202012
20057f34d_270,0.087936126
20057f34d_271,0.28451297
20057f34d_272,0.17958426
20057f34d_273,0.016324442
20057f34d_274,-0.064423084
20057f34d_275,-0.13676994
20057f34d_276,0.112064436
20057f34d_277,-0.05374702
20057f34d_278,0.08000533
20057f34d_279,0.09740295
20057f34d_280,-0.19730197
20057f34d_281,-0.037562
20057f34d_282,0.12161513
20057f34d_283,0.13344426
20057f34d_284,0.002849348
20057f34d_285,0.09014236
20057f34d_286,-0.11480911
20057f34d_287,0.18033805
20057f34d_288,0.29563284
20057f34d_289,0.057157468
20057f34d_290,-0.0764681
20057f34d_291,0.18470323
20057f34d_292,-0.22315189
20057f34d_293,0.20879039
20057f34d_294,-0.057787113
20057f34d_295,0.069908276
20057f34d_296,0.06002343
20057f34d_297,5.9470884e-05
20057f34d_298,0.20491059
20057f34d_299,0.056429423
20057f34d_300,0.115341835
20057f34d_301,0.06913359
20057f34d_302,0.067197785
20057f34d_303,0.18599579
20057f34d_304,-0.06299236
20057f34d_305,-0.030338246
20057f34d_306,0.12642117
20057f34d_307,0.13799678
20057f34d_308,0.32861596
20057f34d_309,0.012509018
20057f34d_310,-0.16829848
20057f34d_311,-0.1230623
20057f34d_312,-0.15477727
20057f34d_313,0.116281554
20057f34d_314,-0.22759262
20057f34d_315,0.12898973
20057f34d_316,0.055684783
20057f34d_317,-0.043012455
20057f34d_318,0.15586792
20057f34d_319,-7.6846185e-08
20057f34d_320,0.22131096
20057f34d_321,-0.027589977
20057f34d_322,-0.19058068
20057f34d_323,-0.078009225
20057f34d_324,0.11808726
20057f34d_325,-0.12552151
20057f34d_326,0.15728505
20057f34d_327,-0.043969557
20057f34d_328,-0.17809266
20057f34d_329,0.03653511
20057f34d_330,-0.11922067
20057f34d_331,0.026744708
20057f34d_332,-0.14543548
20057f34d_333,0.106242806
20057f34d_334,0.062391415
20057f34d_335,0.06961064
20057f34d_336,0.015920717
20057f34d_337,0.00960174
20057f34d_338,-0.11895402
20057f34d_339,-0.06305615
20057f34d_340,-0.033901077
20057f34d_341,0.022283375
20057f34d_342,0.16798075
20057f34d_343,-0.27960855
20057f34d_344,-0.03985656
20057f34d_345,0.08814303
20057f34d_346,-0.020578668
20057f34d_347,0.015966643
20057f34d_348,-0.14608815
20057f34d_349,-0.041112605
20057f34d_350,-0.056179617
20057f34d_351,0.15822595
20057f34d_352,0.040947467
20057f34d_353,0.0059743477
20057f34d_354,0.031962804
20057f34d_355,0.06732714
20057f34d_356,-0.112196684
20057f34d_357,0.13697326
20057f34d_358,-0.052250978
20057f34d_359,-0.1094155
20057f34d_360,0.04881835
20057f34d_361,-0.063881285
20057f34d_362,0.18991163
20057f34d_363,0.031862482
20057f34d_364,0.00053532794
20057f34d_365,0.17339015
20057f34d_366,-0.014818739
20057f34d_367,-0.029137637
20057f34d_368,-0.13825448
20057f34d_369,0.13854498
20057f34d_370,-0.17826721
20057f34d_371,0.052225985
20057f34d_372,0.025202198
20057f34d_373,0.053110436
20057f34d_374,0.2564472
20057f34d_375,-0.059200812
20057f34d_376,0.2375193
20057f34d_377,-0.07607509
20057f34d_378,-0.15175919
20057f34d_379,0.14093088
20057f34d_380,0.019783407
20057f34d_381,0.18485983
20057f34d_382,0.041417055
20057f34d_383,-0.077200025
d8edf2e40_0,0.11448819
d8edf2e40_1,0.1897397
d8edf2e40_2,0.04514453
d8edf2e40_3,0.039171226
d8edf2e40_4,0.07548851
d8edf2e40_5,0.24163084
d8edf2e40_6,0.23718688
d8edf2e40_7,-0.01718374
d8edf2e40_8,0.014954647
d8edf2e40_9,0.07996619
d8edf2e40_10,-0.055064052
d8edf2e40_11,-0.06294688
d8edf2e40_12,-0.103239566
d8edf2e40_13,0.0475926
d8edf2e40_14,-0.04590273
d8edf2e40_15,0.13968608
d8edf2e40_16,0.014238678
d8edf2e40_17,0.30217946
d8edf2e40_18,-0.04813633
d8edf2e40_19,0.13667238
d8edf2e40_20,-0.021216065
d8edf2e40_21,0.057446513
d8edf2e40_22,0.01542866
d8edf2e40_23,0.18134733
d8edf2e40_24,-0.06755807
d8edf2e40_25,0.093503825
d8edf2e40_26,-0.016412236
d8edf2e40_27,0.08419592
d8edf2e40_28,-0.046365287
d8edf2e40_29,-0.06245426
d8edf2e40_30,0.00633262
d8edf2e40_31,0.14047536
d8edf2e40_32,0.1339193
d8edf2e40_33,0.011336481
d8edf2e40_34,-0.07628633
d8edf2e40_35,0.21773735
d8edf2e40_36,0.090090714
d8edf2e40_37,-0.15578163
d8edf2e40_38,-0.051440418
d8edf2e40_39,0.04833111
d8edf2e40_40,-0.02213916
d8edf2e40_41,0.030638903
d8edf2e40_42,0.009897125
d8edf2e40_43,0.1464635
d8edf2e40_44,0.050690588
d8edf2e40_45,-0.06763838
d8edf2e40_46,0.16530894
d8edf2e40_47,-0.031542026
d8edf2e40_48,0.055663902
d8edf2e40_49,0.1195739
d8edf2e40_50,-0.07432961
d8edf2e40_51,-0.10809987
d8edf2e40_52,-0.21764986
d8edf2e40_53,0.0019655488
d8edf2e40_54,0.15313217
d8edf2e40_55,-0.052912414
d8edf2e40_56,0.036658518
d8edf2e40_57,-0.1347096
d8edf2e40_58,0.06741333
d8edf2e40_59,-0.088681154
d8edf2e40_60,0.061382208
d8edf2e40_61,-0.060522135
d8edf2e40_62,0.06954203
d8edf2e40_63,-0.0056040287
d8edf2e40_64,-0.0013430957
d8edf2e40_65,-0.09673811
d8edf2e40_66,-0.40413085
d8edf2e40_67,-0.06177793
d8edf2e40_68,0.1598663
d8edf2e40_69,-0.18931475
d8edf2e40_70,0.0100385565
d8edf2e40_71,0.02047719
d8edf2e40_72,-0.23458564
d8edf2e40_73,-0.12511173
d8edf2e40_74,-0.07706363
d8edf2e40_75,-0.034259975
d8edf2e40_76,0.1153401
d8edf2e40_77,0.18156987
d8edf2e40_78,0.007222995
d8edf2e40_79,-0.1072577
d8edf2e40_80,0.14370185
d8edf2e40_81,-0.23344338
d8edf2e40_82,-0.2362128
d8edf2e40_83,-0.1353727
d8edf2e40_84,-0.11274366
d8edf2e40_85,-0.063944444
d8edf2e40_86,-0.18997179
d8edf2e40_87,0.09375807
d8edf2e40_88,-0.14908524
d8edf2e40_89,-0.10286516
d8edf2e40_90,-0.088081196
d8edf2e40_91,-0.06115739
d8edf2e40_92,0.029514339
d8edf2e40_93,-0.15559395
d8edf2e40_94,-0.10680829
d8edf2e40_95,-0.014473526
d8edf2e40_96,-0.17301518
d8edf2e40_97,-0.20000127
d8edf2e40_98,-0.013936981
d8edf2e40_99,0.076682836
d8edf2e40_100,0.1385743
d8edf2e40_101,-0.015208574
d8edf2e40_102,0.19855371
d8edf2e40_103,0.2775942
d8edf2e40_104,0.13075122
d8edf2e40_105,-0.17657146
d8edf2e40_106,-0.037288345
d8edf2e40_107,-0.0691395
d8edf2e40_108,0.054683663
d8edf2e40_109,-0.12295993
d8edf2e40_110,0.10554699
d8edf2e40_111,-0.09852224
d8edf2e40_112,-0.044962022
d8edf2e40_113,0.25815278
d8edf2e40_114,-0.054731276
d8edf2e40_115,-0.10245332
d8edf2e40_116,-0.21060827
d8edf2e40_117,-0.098489866
d8edf2e40_118,0.10105653
d8edf2e40_119,-0.011649372
d8edf2e40_120,0.015362639
d8edf2e40_121,0.036645092
d8edf2e40_122,0.12933308
d8edf2e40_123,-0.02880672
d8edf2e40_124,-0.10878701
d8edf2e40_125,-0.20829172
d8edf2e40_126,0.17935243
d8edf2e40_127,-4.831861e-33
d8edf2e40_128,0.0739339
d8edf2e40_129,-0.0077396147
d8edf2e40_130,0.2481128
d8edf2e40_131,0.25370914
d8edf2e40_132,0.09782902
d8edf2e40_133,0.06228109
d8edf2e40_134,0.052029174
d8edf2e40_135,0.04353967
d8edf2e40_136,0.008637968
d8edf2e40_137,-0.058787912
d8edf2e40_138,0.034571946
d8edf2e40_139,0.024537085
d8edf2e40_140,0.008169205
d8edf2e40_141,0.29036564
d8edf2e40_142,-0.2080793
d8edf2e40_143,0.2523466
d8edf2e40_144,0.032671653
d8edf2e40_145,-0.03835259
d8edf2e40_146,-0.09866745
d8edf2e40_147,0.08014278
d8edf2e40_148,-0.020278156
d8edf2e40_149,0.028776914
d8edf2e40_150,-0.22751509
d8edf2e40_151,0.034993853
d8edf2e40_152,0.060604885
d8edf2e40_153,0.13914254
d8edf2e40_154,0.074661665
d8edf2e40_155,-0.10992308
d8edf2e40_156,0.06524913
d8edf2e40_157,-0.038785562
d8edf2e40_158,-0.04384752
d8edf2e40_159,0.14956278
d8edf2e40_160,0.035257593
d8edf2e40_161,-0.016585153
d8edf2e40_162,0.070301205
d8edf2e40_163,-0.18673469
d8edf2e40_164,-0.034490522
d8edf2e40_165,-0.09616069
d8edf2e40_166,-0.0686817
d8edf2e40_167,0.020989751
d8edf2e40_168,-0.11836846
d8edf2e40_169,0.16125965
d8edf2e40_170,0.024168324
d8edf2e40_171,0.14299734
d8edf2e40_172,0.020893387
d8edf2e40_173,0.077191114
d8edf2e40_174,0.069504976
d8edf2e40_175,0.15147862
d8edf2e40_176,0.37782383
d8edf2e40_177,0.37805513
d8edf2e40_178,-0.090247035
d8edf2e40_179,0.1577545
d8edf2e40_180,-0.061295535
d8edf2e40_181,-0.024982292
d8edf2e40_182,0.0883229
d8edf2e40_183,-0.12641484
d8edf2e40_184,0.036275342
d8edf2e40_185,0.20983297
d8edf2e40_186,-0.08962993
d8edf2e40_187,-0.034389377
d8edf2e40_188,-0.06094701
d8edf2e40_189,0.18491936
d8edf2e40_190,-0.00062927604
d8edf2e40_191,-0.04206892
d8edf2e40_192,0.1840417
d8edf2e40_193,0.032555785
d8edf2e40_194,-0.09367593
d8edf2e40_195,-0.079979934
d8edf2e40_196,-0.19930476
d8edf2e40_197,0.25603205
d8edf2e40_198,-0.09196228
d8edf2e40_199,0.03808522
d8edf2e40_200,0.016908607
d8edf2e40_201,-0.013284676
d8edf2e40_202,-0.36721298
d8edf2e40_203,0.06847647
d8edf2e40_204,0.13095084
d8edf2e40_205,-0.07195778
d8edf2e40_206,-0.28638476
d8edf2e40_207,0.10311593
d8edf2e40_208,-0.3096263
d8edf2e40_209,0.09508672
d8edf2e40_210,0.093113676
d8edf2e40_211,-0.032534033
d8edf2e40_212,-0.1862267
d8edf2e40_213,-0.011358831
d8edf2e40_214,-0.0059267674
d8edf2e40_215,-0.07306198
d8edf2e40_216,-0.008773483
d8edf2e40_217,-0.01625609
d8edf2e40_218,-0.065007366
d8edf2e40_219,0.03299167
d8edf2e40_220,0.059258774
d8edf2e40_221,-0.069835536
d8edf2e40_222,-0.18034142
d8edf2e40_223,-3.177849e-33
d8edf2e40_224,0.0038211271
d8edf2e40_225,-0.028392151
d8edf2e40_226,0.14440161
d8edf2e40_227,-0.10416657
d8edf2e40_228,0.32818833
d8edf2e40_229,0.06512076
d8edf2e40_230,-0.17750543
d8edf2e40_231,-0.051501542
d8edf2e40_232,-0.17415087
d8edf2e40_233,0.056489576
d8edf2e40_234,-0.082608916
d8edf2e40_235,0.029469965
d8edf2e40_236,0.15381671
d8edf2e40_237,-0.094217286
d8edf2e40_238,-0.0019778982
d8edf2e40_239,0.13659433
d8edf2e40_240,0.15548438
d8edf2e40_241,0.06973851
d8edf2e40_242,-0.2478931
d8edf2e40_243,0.24905117
d8edf2e40_244,0.007026445
d8edf2e40_245,0.28406736
d8edf2e40_246,-0.10228557
d8edf2e40_247,-0.02874285
d8edf2e40_248,-0.37790877
d8edf2e40_249,-0.023257658
d8edf2e40_250,0.35560536
d8edf2e40_251,-0.07510046
d8edf2e40_252,-0.04832595
d8edf2e40_253,-0.12238859
d8edf2e40_254,0.04199867
d8edf2e40_255,0.036176275
d8edf2e40_256,-0.010163203
d8edf2e40_257,-0.06190695
d8edf2e40_258,-0.14225566
d8edf2e40_259,0.07897699
d8edf2e40_260,-0.12206487
d8edf2e40_261,-0.20391834
d8edf2e40_262,-0.036104657
d8edf2e40_263,0.13562262
d8edf2e40_264,0.08423899
d8edf2e40_265,0.04636856
d8edf2e40_266,0.10717499
d8edf2e40_267,0.27389577
d8edf2e40_268,0.02532012
d8edf2e40_269,-0.3882671
d8edf2e40_270,-0.37072924
d8edf2e40_271,0.105214484
d8edf2e40_272,-0.23467658
d8edf2e40_273,0.29434752
d8edf2e40_274,-0.28837705
d8edf2e40_275,-0.18441555
d8edf2e40_276,-0.06935868
d8edf2e40_277,-0.0031643868
d8edf2e40_278,-0.06296935
d8edf2e40_279,-0.09764524
d8edf2e40_280,-0.054750197
d8edf2e40_281,0.060166545
d8edf2e40_282,0.28498387
d8edf2e40_283,-0.009976238
d8edf2e40_284,-0.015699206
d8edf2e40_285,-0.051566668
d8edf2e40_286,0.007321313
d8edf2e40_287,-0.11821758
d8edf2e40_288,-0.2244191
d8edf2e40_289,-0.10877403
d8edf2e40_290,-0.08845229
d8edf2e40_291,0.2829838
d8edf2e40_292,-0.37343907
d8edf2e40_293,0.16328603
d8edf2e40_294,0.13685864
d8edf2e40_295,-0.07687527
d8edf2e40_296,-0.16609886
d8edf2e40_297,0.09440045
d8edf2e40_298,-0.000918095
d8edf2e40_299,0.19657585
d8edf2e40_300,0.12447961
d8edf2e40_301,0.08407683
d8edf2e40_302,0.22636041
d8edf2e40_303,-0.15771163
d8edf2e40_304,-0.26855546
d8edf2e40_305,0.11983682
d8edf2e40_306,-0.08612666
d8edf2e40_307,0.11815622
d8edf2e40_308,0.11955661
d8edf2e40_309,0.22424202
d8edf2e40_310,-0.22609027
d8edf2e40_311,0.019074272
d8edf2e40_312,0.037278675
d8edf2e40_313,0.017456548
d8edf2e40_314,-0.0673406
d8edf2e40_315,0.123011716
d8edf2e40_316,0.009373847
d8edf2e40_317,-0.10515714
d8edf2e40_318,-0.12328415
d8edf2e40_319,-6.8742196e-08
d8edf2e40_320,-0.2656095
d8edf2e40_321,-0.053115293
d8edf2e40_322,-0.104543686
d8edf2e40_323,-0.10377691
d8edf2e40_324,-0.07829909
d8edf2e40_325,0.13464868
d8edf2e40_326,0.0821759
d8edf2e40_327,0.065664485
d8edf2e40_328,-0.16129737
d8edf2e40_329,0.026547723
d8edf2e40_330,-0.11937678
d8edf2e40_331,0.02329875
d8edf2e40_332,0.049068086
d8edf2e40_333,-0.013844222
d8edf2e40_334,0.11506523
d8edf2e40_335,-0.12616307
d8edf2e40_336,-0.008596318
d8edf2e40_337,0.09572319
d8edf2e40_338,-0.089512385
d8edf2e40_339,-0.00025816425
d8edf2e40_340,-0.057146102
d8edf2e40_341,0.08329223
d8edf2e40_342,0.082808875
d8edf2e40_343,-0.1303398
d8edf2e40_344,-0.09723383
d8edf2e40_345,0.13230532
d8edf2e40_346,0.11359865
d8edf2e40_347,0.07011077
d8edf2e40_348,-0.07668259
d8edf2e40_349,0.08091462
d8edf2e40_350,0.090816826
d8edf2e40_351,0.13823934
d8edf2e40_352,-0.10882532
d8edf2e40_353,-0.05525533
d8edf2e40_354,-0.08953329
d8edf2e40_355,-0.024849419
d8edf2e40_356,0.21904561
d8edf2e40_357,0.0274136
d8edf2e40_358,-0.18531977
d8edf2e40_359,-0.151031
d8edf2e40_360,-0.020975865
d8edf2e40_361,-0.010678194
d8edf2e40_362,-0.109046005
d8edf2e40_363,0.04315187
d8edf2e40_364,-0.104536355
d8edf2e40_365,0.080993764
d8edf2e40_366,0.22425021
d8edf2e40_367,-0.06908239
d8edf2e40_368,-0.07601626
d8edf2e40_369,0.04658299
d8edf2e40_370,-0.15958445
d8edf2e40_371,-0.3137008
d8edf2e40_372,-0.04889551
d8edf2e40_373,0.037478067
d8edf2e40_374,-0.117325276
d8edf2e40_375,0.12207529
d8edf2e40_376,0.038547855
d8edf2e40_377,0.12085146
d8edf2e40_378,0.11751425
d8edf2e40_379,0.03787812
d8edf2e40_380,-0.035280462
d8edf2e40_381,-0.13324137
d8edf2e40_382,-0.24972147
d8edf2e40_383,0.088938795
227ef0887_0,0.029457763
227ef0887_1,0.19984087
227ef0887_2,-0.10170642
227ef0887_3,-0.036705628
227ef0887_4,-0.044076294
227ef0887_5,-0.06253135
227ef0887_6,0.08340124
227ef0887_7,-0.06624674
227ef0887_8,0.21056956
227ef0887_9,-0.015928484
227ef0887_10,-0.075403936
227ef0887_11,-0.06258874
227ef0887_12,-0.08794789
227ef0887_13,-0.043420106
227ef0887_14,-0.080767795
227ef0887_15,0.06208296
227ef0887_16,-0.097069845
227ef0887_17,0.09102204
227ef0887_18,-0.009648368
227ef0887_19,0.080094665
227ef0887_20,0.04108863
227ef0887_21,0.08026198
227ef0887_22,-0.034516625
227ef0887_23,0.17009026
227ef0887_24,-0.07810962
227ef0887_25,0.12432035
227ef0887_26,0.10160947
227ef0887_27,-0.04510869
227ef0887_28,0.12551063
227ef0887_29,-0.2136158
227ef0887_30,0.0691501
227ef0887_31,0.04254347
227ef0887_32,-0.04491479
227ef0887_33,0.00848146
227ef0887_34,-0.025522
227ef0887_35,-0.069142446
227ef0887_36,-0.10895539
227ef0887_37,0.1153706
227ef0887_38,0.20903692
227ef0887_39,-0.055636615
227ef0887_40,-0.09455515
227ef0887_41,0.028772008
227ef0887_42,0.078055836
227ef0887_43,-0.00022115558
227ef0887_44,0.045691546
227ef0887_45,0.1684488
227ef0887_46,-0.04275181
227ef0887_47,0.0074400473
227ef0887_48,-0.048424028
227ef0887_49,-0.09142311
227ef0887_50,-0.120444655
227ef0887_51,-0.3464071
227ef0887_52,-0.33049798
227ef0887_53,0.054040425
227ef0887_54,0.065138124
227ef0887_55,0.10201998
227ef0887_56,0.017472692
227ef0887_57,-0.06900562
227ef0887_58,0.10509041
227ef0887_59,-0.055154353
227ef0887_60,0.0339562
227ef0887_61,0.10869021
227ef0887_62,0.062094223
227ef0887_63,0.11096584
227ef0887_64,-0.02546804
227ef0887_65,-0.079598695
227ef0887_66,-0.17423074
227ef0887_67,-0.09975268
227ef0887_68,-0.101553395
227ef0887_69,-0.1148262
227ef0887_70,0.20551664
227ef0887_71,0.10147121
227ef0887_72,-0.006515965
227ef0887_73,-0.04678995
227ef0887_74,0.09251513
227ef0887_75,0.007909857
227ef0887_76,-0.13748847
227ef0887_77,0.05543493
227ef0887_78,-0.06789356
227ef0887_79,-0.1611378
227ef0887_80,0.013758933
227ef0887_81,0.15005305
227ef0887_82,-0.09791505
227ef0887_83,0.2017906
227ef0887_84,0.08637305
227ef0887_85,0.15621664
227ef0887_86,-0.10622735
227ef0887_87,0.08177715
227ef0887_88,-0.1501193
227ef0887_89,-0.01705164
227ef0887_90,-0.008320222
227ef0887_91,0.17649728
227ef0887_92,-0.22491872
227ef0887_93,-0.072668344
227ef0887_94,-0.15234898
227ef0887_95,-0.0804881
227ef0887_96,0.060021996
227ef0887_97,-0.13071385
227ef0887_98,0.020925894
227ef0887_99,0.19041066
227ef0887_100,0.010734064
227ef0887_101,-0.034094784
227ef0887_102,0.18529317
227ef0887_103,-0.055885363
227ef0887_104,-0.19521892
227ef0887_105,-0.058352727
227ef0887_106,-0.110451974
227ef0887_107,-0.06287627
227ef0887_108,0.15284792
227ef0887_109,0.027012993
227ef0887_110,0.00084846467
227ef0887_111,-0.010340845
227ef0887_112,-0.23912509
227ef0887_113,-0.08036356
227ef0887_114,-0.09220554
227ef0887_115,-0.06437757
227ef0887_116,-0.06745314
227ef0887_117,-0.14844257
227ef0887_118,-0.0057552154
227ef0887_119,-0.016622066
227ef0887_120,0.061176684
227ef0887_121,-0.03641584
227ef0887_122,-0.12906925
227ef0887_123,0.09205113
227ef0887_124,-0.26913726
227ef0887_125,-0.16545954
227ef0887_126,-0.009061196
227ef0887_127,-1.0502636e-32
227ef0887_128,0.15416762
227ef0887_129,0.03716109
227ef0887_130,0.045243874
227ef0887_131,0.025774788
227ef0887_132,0.11806073
227ef0887_133,-0.07456863
227ef0887_134,0.14357302
227ef0887_135,-0.038279008
227ef0887_136,-0.021865834
227ef0887_137,-0.019540157
227ef0887_138,-0.098096624
227ef0887_139,-0.1927028
227ef0887_140,-0.10704344
227ef0887_141,0.2274904
227ef0887_142,0.17313737
227ef0887_143,-0.23221889
227ef0887_144,0.15254225
227ef0887_145,1.7986633e-05
227ef0887_146,-0.03247834
227ef0887_147,0.106140316
227ef0887_148,-0.08958243
227ef0887_149,0.05868636
227ef0887_150,-0.20970109
227ef0887_151,-0.0480019
227ef0887_152,-0.08319114
227ef0887_153,0.1293427
227ef0887_154,0.026179604
227ef0887_155,-0.067414425
227ef0887_156,-0.08468263
227ef0887_157,0.08501302
227ef0887_158,0.13955882
227ef0887_159,0.06152664
227ef0887_160,-0.021019623
227ef0887_161,0.024028627
227ef0887_162,-0.122999504
227ef0887_163,-0.12235017
227ef0887_164,0.047179565
227ef0887_165,-0.15130734
227ef0887_166,-0.08056076
227ef0887_167,-0.016526423
227ef0887_168,0.012917798
227ef0887_169,-0.04248589
227ef0887_170,-0.07839711
227ef0887_171,0.22115715
227ef0887_172,0.006530663
227ef0887_173,0.10029117
227ef0887_174,0.071952805
227ef0887_175,0.06376469
227ef0887_176,-0.009740832
227ef0887_177,0.11823055
227ef0887_178,0.07209793
227ef0887_179,0.11334223
227ef0887_180,0.16097847
227ef0887_181,0.009792652
227ef0887_182,0.05417088
227ef0887_183,-0.07777539
227ef0887_184,-0.034104045
227ef0887_185,0.06223751
227ef0887_186,0.07362188
227ef0887_187,-0.015025467
227ef0887_188,0.14502876
227ef0887_189,0.15865965
227ef0887_190,-0.13078061
227ef0887_191,0.0032486217
227ef0887_192,-0.03079194
227ef0887_193,0.10121722
227ef0887_194,-0.28262782
227ef0887_195,-0.22110158
227ef0887_196,0.11555349
227ef0887_197,-0.036529504
227ef0887_198,-0.12763764
227ef0887_199,0.004180748
227ef0887_200,-0.027118556
227ef0887_201,-0.025911279
227ef0887_202,-0.118942976
227ef0887_203,0.16793525
227ef0887_204,0.06993174
227ef0887_205,-0.08421188
227ef0887_206,0.09837699
227ef0887_207,0.10665597
227ef0887_208,-0.1522512
227ef0887_209,0.029617244
227ef0887_210,-0.05398925
227ef0887_211,-0.29582426
227ef0887_212,-0.14597687
227ef0887_213,0.04116888
227ef0887_214,0.20636512
227ef0887_215,0.07333788
227ef0887_216,-0.15723966
227ef0887_217,0.052988324
227ef0887_218,-0.045887142
227ef0887_219,0.017160749
227ef0887_220,0.016923456
227ef0887_221,0.1346116
227ef0887_222,0.053778574
227ef0887_223,1.0062754e-33
227ef0887_224,-0.05098986
227ef0887_225,0.004247019
227ef0887_226,0.030121261
227ef0887_227,0.16315266
227ef0887_228,0.10482482
227ef0887_229,-0.009032339
227ef0887_230,-0.16359863
227ef0887_231,-0.15523279
227ef0887_232,-0.11471052
227ef0887_233,0.017245255
227ef0887_234,-0.06127499
227ef0887_235,-0.0018551014
227ef0887_236,0.09065485
227ef0887_237,0.059577253
227ef0887_238,0.15551445
227ef0887_239,-0.11642336
227ef0887_240,0.09827036
227ef0887_241,0.09026822
227ef0887_242,-0.016079687
227ef0887_243,0.1447241
227ef0887_244,-0.07624319
227ef0887_245,0.28172356
227ef0887_246,-0.092374705
227ef0887_247,-0.20711362
227ef0887_248,-0.2658236
227ef0887_249,0.27660158
227ef0887_250,-0.048269756
227ef0887_251,-0.08695611
227ef0887_252,-0.043495767
227ef0887_253,0.049798634
227ef0887_254,-0.08766137
227ef0887_255,-0.26294255
227ef0887_256,0.117514715
227ef0887_257,0.07576659
227ef0887_258,-0.18611623
227ef0887_259,-0.061135158
227ef0887_260,0.032914225
227ef0887_261,-0.23250316
227ef0887_262,-0.016324079
227ef0887_263,-0.10120384
227ef0887_264,0.08486368
227ef0887_265,-0.07121455
227ef0887_266,0.011697194
227ef0887_267,0.34901452
227ef0887_268,-0.09464812
227ef0887_269,-0.24580371
227ef0887_270,-0.02122166
227ef0887_271,0.24259335
227ef0887_272,0.16977277
227ef0887_273,0.13896668
227ef0887_274,0.04162438
227ef0887_275,0.0014499438
227ef0887_276,0.22013974
227ef0887_277,-0.15976436
227ef0887_278,0.034174122
227ef0887_279,-0.06946449
227ef0887_280,-0.073986374
227ef0887_281,-0.2566321
227ef0887_282,0.20650822
227ef0887_283,0.19606167
227ef0887_284,-0.03719627
227ef0887_285,0.05581404
227ef0887_286,-0.11899067
227ef0887_287,0.17422466
227ef0887_288,0.107784376
227ef0887_289,0.01069478
227ef0887_290,0.07932022
227ef0887_291,-0.11055573
227ef0887_292,-0.13482785
227ef0887_293,0.058120176
227ef0887_294,0.07495756
227ef0887_295,0.30821392
227ef0887_296,-0.048999414
227ef0887_297,0.13919684
227ef0887_298,0.31352842
227ef0887_299,-0.010349479
227ef0887_300,0.14636847
227ef0887_301,-0.03223495
227ef0887_302,0.039116293
227ef0887_303,0.12045103
227ef0887_304,-0.3146333
227ef0887_305,0.06483258
227ef0887_306,0.07958278
227ef0887_307,-0.17651388
227ef0887_308,0.09105304
227ef0887_309,-0.2183948
227ef0887_310,-0.26857656
227ef0887_311,0.0016869195
227ef0887_312,0.077682324
227ef0887_313,-0.08667989
227ef0887_314,-0.022658113
227ef0887_315,0.3143483
227ef0887_316,0.12548354
227ef0887_317,0.026170786
227ef0887_318,0.22333802
227ef0887_319,-7.026923e-08
227ef0887_320,-0.0007831678
227ef0887_321,-0.14938627
227ef0887_322,0.05609423
227ef0887_323,-0.21455339
227ef0887_324,0.15040985
227ef0887_325,-0.17554522
227ef0887_326,0.20920841
227ef0887_327,-0.19931537
227ef0887_328,-0.114134
227ef0887_329,-0.1912286
227ef0887_330,-0.015223399
227ef0887_331,0.07401078
227ef0887_332,-0.10179187
227ef0887_333,0.09414599
227ef0887_334,0.020468976
227ef0887_335,-0.0925428
227ef0887_336,0.2418555
227ef0887_337,0.012425825
227ef0887_338,-4.172325e-07
227ef0887_339,-0.07475579
227ef0887_340,0.0680483
227ef0887_341,-0.10272394
227ef0887_342,0.06904242
227ef0887_343,-0.2534906
227ef0887_344,-0.20203811
227ef0887_345,0.03221491
227ef0887_346,-0.20645802
227ef0887_347,0.0376224
227ef0887_348,-0.047849823
227ef0887_349,0.21070895
227ef0887_350,0.013615666
227ef0887_351,0.2958259
227ef0887_352,0.09507612
227ef0887_353,-0.05923358
227ef0887_354,-0.049376912
227ef0887_355,-0.15305175
227ef0887_356,-0.13997658
227ef0887_357,0.027771141
227ef0887_358,-0.34828895
227ef0887_359,-0.083634675
227ef0887_360,0.15815102
227ef0887_361,-0.09348706
227ef0887_362,-0.029109292
227ef0887_363,-0.048207358
227ef0887_364,0.012545664
227ef0887_365,0.1221254
227ef0887_366,0.016872391
227ef0887_367,-0.107494846
227ef0887_368,-0.15454689
227ef0887_369,0.22144076
227ef0887_370,-0.048937984
227ef0887_371,-0.050638415
227ef0887_372,0.136566
227ef0887_373,0.10598356
227ef0887_374,-0.102167964
227ef0887_375,-0.13881804
227ef0887_376,0.25879622
227ef0887_377,0.04605917
227ef0887_378,-0.13366574
227ef0887_379,-0.14308506
227ef0887_380,0.046591386
227ef0887_381,0.024647245
227ef0887_382,0.05980604
227ef0887_383,0.066744134
c98f79f71_0,-0.030722294
c98f79f71_1,0.09449835
c98f79f71_2,-0.09641612
c98f79f71_3,-0.09351796
c98f79f71_4,-0.00032054167
c98f79f71_5,0.11957843
c98f79f71_6,0.18034916
c98f79f71_7,-0.24672554
c98f79f71_8,-0.12119167
c98f79f71_9,-0.068614304
c98f79f71_10,0.013925087
c98f79f71_11,-0.11394951
c98f79f71_12,-0.07476978
c98f79f71_13,0.08032155
c98f79f71_14,0.0013196021
c98f79f71_15,0.122840114
c98f79f71_16,-0.06801942
c98f79f71_17,0.12835285
c98f79f71_18,0.07992454
c98f79f71_19,0.053886592
c98f79f71_20,-0.06007905
c98f79f71_21,0.08962475
c98f79f71_22,-0.1030322
c98f79f71_23,-0.08385813
c98f79f71_24,0.012766772
c98f79f71_25,-0.14633489
c98f79f71_26,0.15510018
c98f79f71_27,0.059327845
c98f79f71_28,0.0077967774
c98f79f71_29,-0.092201635
c98f79f71_30,0.11186069
c98f79f71_31,0.017485328
c98f79f71_32,-0.14526306
c98f79f71_33,-0.13806544
c98f79f71_34,0.0018551387
c98f79f71_35,0.074938774
c98f79f71_36,-0.11012929
c98f79f71_37,0.2277415
c98f79f71_38,0.15939581
c98f79f71_39,0.017779268
c98f79f71_40,-0.05801766
c98f79f71_41,-0.06558571
c98f79f71_42,-0.10025069
c98f79f71_43,0.04451006
c98f79f71_44,0.09386891
c98f79f71_45,0.08671961
c98f79f71_46,-0.17078651
c98f79f71_47,-0.043157987
c98f79f71_48,0.17911518
c98f79f71_49,-0.02388555
c98f79f71_50,-0.27932656
c98f79f71_51,-0.18341073
c98f79f71_52,-0.26086712
c98f79f71_53,-0.1239265
c98f79f71_54,-0.0033609048
c98f79f71_55,0.032754824
c98f79f71_56,-0.03741402
c98f79f71_57,-0.08182876
c98f79f71_58,-0.03678795
c98f79f71_59,-0.0693837
c98f79f71_60,-0.10291385
c98f79f71_61,-0.020690784
c98f79f71_62,-0.04169728
c98f79f71_63,0.28817827
c98f79f71_64,0.12370315
c98f79f71_65,-0.024801679
c98f79f71_66,-0.20545888
c98f79f71_67,-0.108187675
c98f79f71_68,0.122000866
c98f79f71_69,-0.030206975
c98f79f71_70,0.05429894
c98f79f71_71,-0.1009606
c98f79f71_72,-0.25938803
c98f79f71_73,-0.31852186
c98f79f71_74,-0.057905387
c98f79f71_75,-0.11980577
c98f79f71_76,-0.07946824
c98f79f71_77,-0.11159708
c98f79f71_78,-0.1853549
c98f79f71_79,-0.24803
c98f79f71_80,0.0896621
c98f79f71_81,0.06553394
c98f79f71_82,0.056004833
c98f79f71_83,0.07179172
c98f79f71_84,0.072491735
c98f79f71_85,0.19894286
c98f79f71_86,-0.1053855
c98f79f71_87,-0.000754606
c98f79f71_88,-0.27961862
c98f79f71_89,0.098732285
c98f79f71_90,0.037422378
c98f79f71_91,-0.019496037
c98f79f71_92,-0.046620168
c98f79f71_93,-0.04968385
c98f79f71_94,0.21382129
c98f79f71_95,0.06218254
c98f79f71_96,0.011620624
c98f79f71_97,0.0071445517
c98f79f71_98,-0.051249962
c98f79f71_99,0.27455354
c98f79f71_100,0.15892646
c98f79f71_101,-0.33678555
c98f79f71_102,-0.08442453
c98f79f71_103,-0.07937636
c98f79f71_104,0.268038
c98f79f71_105,-0.07947199
c98f79f71_106,-0.1043539
c98f79f71_107,0.0231385
c98f79f71_108,-0.026419513
c98f79f71_109,-0.12824868
c98f79f71_110,0.005324427
c98f79f71_111,-0.038819037
c98f79f71_112,-0.19255352
c98f79f71_113,0.0018625222
c98f79f71_114,0.11788968
c98f79f71_115,-0.14688447
c98f79f71_116,0.11514508
c98f79f71_117,-0.24732488
c98f79f71_118,-0.042629376
c98f79f71_119,-0.024246547
c98f79f71_120,0.09190954
c98f79f71_121,0.012844788
c98f79f71_122,0.05688622
c98f79f71_123,-0.12790179
c98f79f71_124,-0.117982075
c98f79f71_125,-0.10729036
c98f79f71_126,-0.06389922
c98f79f71_127,-5.8524036e-33
c98f79f71_128,0.17294201
c98f79f71_129,-0.0314337
c98f79f71_130,0.24002327
c98f79f71_131,0.028596202
c98f79f71_132,0.28586382
c98f79f71_133,0.17464122
c98f79f71_134,0.029881187
c98f79f71_135,-0.11255585
c98f79f71_136,-0.07756315
c98f79f71_137,-0.028770449
c98f79f71_138,0.13371086
c98f79f71_139,0.14503738
c98f79f71_140,-0.16505834
c98f79f71_141,0.31057665
c98f79f71_142,-0.1419559
c98f79f71_143,0.12773943
c98f79f71_144,0.114077315
c98f79f71_145,-0.042013854
c98f79f71_146,0.09200687
c98f79f71_147,-0.14845456
c98f79f71_148,-0.15577808
c98f79f71_149,0.22860475
c98f79f71_150,-0.053225935
c98f79f71_151,-0.1584813
c98f79f71_152,-0.09484851
c98f79f71_153,0.10121852
c98f79f71_154,-0.028318008
c98f79f71_155,-0.1634074
c98f79f71_156,0.015623808
c98f79f71_157,0.0696294
c98f79f71_158,-0.0648489
c98f79f71_159,0.14778087
c98f79f71_160,0.012675416
c98f79f71_161,-0.10278555
c98f79f71_162,-0.17598775
c98f79f71_163,-0.112754494
c98f79f71_164,0.010370605
c98f79f71_165,-0.27615076
c98f79f71_166,0.088393144
c98f79f71_167,0.1675084
c98f79f71_168,-0.039804332
c98f79f71_169,0.016987866
c98f79f71_170,-0.055520244
c98f79f71_171,0.15447035
c98f79f71_172,-0.11450422
c98f79f71_173,0.08279898
c98f79f71_174,-0.033546288
c98f79f71_175,0.05612978
c98f79f71_176,-0.017035026
c98f79f71_177,0.30634254
c98f79f71_178,0.0148134045
c98f79f71_179,0.11103531
c98f79f71_180,0.005312118
c98f79f71_181,-0.14500824
c98f79f71_182,-0.1221216
c98f79f71_183,-0.12765847
c98f79f71_184,-0.03839214
c98f79f71_185,-0.023867173
c98f79f71_186,0.021442411
c98f79f71_187,-0.08798888
c98f79f71_188,-0.073482186
c98f79f71_189,0.13282487
c98f79f71_190,0.11655851
c98f79f71_191,0.060186118
c98f79f71_192,0.10359906
c98f79f71_193,-0.100203075
c98f79f71_194,-0.030347431
c98f79f71_195,-0.1010824
c98f79f71_196,-0.11295371
c98f79f71_197,0.083669275
c98f79f71_198,-0.09041683
c98f79f71_199,0.1734539
c98f79f71_200,0.054713417
c98f79f71_201,-0.37742662
c98f79f71_202,0.031409126
c98f79f71_203,0.0338146
c98f79f71_204,-0.08622526
c98f79f71_205,-0.118274525
c98f79f71_206,-0.3470397
c98f79f71_207,0.26938757
c98f79f71_208,-0.19653188
c98f79f71_209,0.11874646
c98f79f71_210,-0.0639634
c98f79f71_211,-0.114000395
c98f79f71_212,-0.15324122
c98f79f71_213,0.10346125
c98f79f71_214,0.088040315
c98f79f71_215,-0.077743165
c98f79f71_216,0.20641513
c98f79f71_217,-0.01798325
c98f79f71_218,-0.012455843
c98f79f71_219,0.034960054
c98f79f71_220,0.09386863
c98f79f71_221,-0.15924866
c98f79f71_222,0.024125699
c98f79f71_223,-2.2514868e-33
c98f79f71_224,-0.087852836
c98f79f71_225,0.24255805
c98f79f71_226,0.029267851
c98f79f71_227,0.1889375
c98f79f71_228,0.2622271
c98f79f71_229,-0.23661171
c98f79f71_230,-0.005247743
c98f79f71_231,0.25842994
c98f79f71_232,0.00082552806
c98f79f71_233,0.03480672
c98f79f71_234,0.0012620948
c98f79f71_235,0.06439028
c98f79f71_236,0.015180133
c98f79f71_237,-0.055704772
c98f79f71_238,-0.05892498
c98f79f71_239,-0.18790747
c98f79f71_240,0.09200432
c98f79f71_241,-0.058904957
c98f79f71_242,-0.025495127
c98f79f71_243,0.103237815
c98f79f71_244,0.16629428
c98f79f71_245,0.09255051
c98f79f71_246,-0.030748792
c98f79f71_247,-0.016524054
c98f79f71_248,-0.23493643
c98f79f71_249,0.31547105
c98f79f71_250,-0.054019723
c98f79f71_251,-0.10693573
c98f79f71_252,0.064048804
c98f79f71_253,0.22607285
c98f79f71_254,0.057001892
c98f79f71_255,-0.0005511418
c98f79f71_256,0.16506407
c98f79f71_257,0.006282788
c98f79f71_258,-0.13748118
c98f79f71_259,-0.02297731
c98f79f71_260,0.0142832175
c98f79f71_261,-0.014433557
c98f79f71_262,0.033884108
c98f79f71_263,0.14986953
c98f79f71_264,0.1181701
c98f79f71_265,-0.19544742
c98f79f71_266,0.18572122
c98f79f71_267,0.038186528
c98f79f71_268,0.04537206
c98f79f71_269,-0.18467674
c98f79f71_270,-0.17081453
c98f79f71_271,0.0049799457
c98f79f71_272,-0.04226754
c98f79f71_273,-0.038151864
c98f79f71_274,-0.18087448
c98f79f71_275,-0.05463946
c98f79f71_276,-0.06821456
c98f79f71_277,-0.049030382
c98f79f71_278,-0.01921868
c98f79f71_279,-0.055108946
c98f79f71_280,-0.028137375
c98f79f71_281,0.0104183145
c98f79f71_282,0.10093687
c98f79f71_283,0.25184676
c98f79f71_284,-0.086995535
c98f79f71_285,-0.014862792
c98f79f71_286,-0.1748919
c98f79f71_287,-0.020955313
c98f79f71_288,-0.15991077
c98f79f71_289,0.02395569
c98f79f71_290,0.01890255
c98f79f71_291,-0.041633695
c98f79f71_292,-0.028321188
c98f79f71_293,-0.068235144
c98f79f71_294,0.0057799853
c98f79f71_295,0.14621432
c98f79f71_296,0.06540941
c98f79f71_297,0.11167988
c98f79f71_298,0.12730038
c98f79f71_299,0.13798784
c98f79f71_300,0.21383809
c98f79f71_301,0.100670494
c98f79f71_302,0.33866817
c98f79f71_303,-0.05990223
c98f79f71_304,-0.094961315
c98f79f71_305,-0.15121973
c98f79f71_306,-0.025270734
c98f79f71_307,0.10105209
c98f79f71_308,0.060615804
c98f79f71_309,0.15315053
c98f79f71_310,-0.16598839
c98f79f71_311,0.02120992
c98f79f71_312,-0.018912282
c98f79f71_313,-0.13543567
c98f79f71_314,0.2216543
c98f79f71_315,0.14890236
c98f79f71_316,0.009140931
c98f79f71_317,0.15458515
c98f79f71_318,0.033374935
c98f79f71_319,-7.0228666e-08
c98f79f71_320,0.0075931177
c98f79f71_321,-0.06411508
c98f79f71_322,0.2316401
c98f79f71_323,-0.27128553
c98f79f71_324,0.05953564
c98f79f71_325,-0.006042191
c98f79f71_326,0.29048592
c98f79f71_327,-0.21942271
c98f79f71_328,-0.059801243
c98f79f71_329,0.050470244
c98f79f71_330,0.0007726401
c98f79f71_331,0.008218352
c98f79f71_332,0.006823151
c98f79f71_333,0.08068362
c98f79f71_334,0.08157387
c98f79f71_335,-0.013952406
c98f79f71_336,-0.010683723
c98f79f71_337,-0.12578852
c98f79f71_338,0.0079338085
c98f79f71_339,-0.30065385
c98f79f71_340,-0.015190849
c98f79f71_341,0.06650523
c98f79f71_342,0.076171555
c98f79f71_343,-0.16973288
c98f79f71_344,-0.22205606
c98f79f71_345,0.15258704
c98f79f71_346,0.018230364
c98f79f71_347,0.017133873
c98f79f71_348,-0.040478796
c98f79f71_349,0.2585877
c98f79f71_350,-0.029128967
c98f79f71_351,0.24607351
c98f79f71_352,-0.06410159
c98f79f71_353,0.031828087
c98f79f71_354,0.14536239
c98f79f71_355,-0.2398717
c98f79f71_356,-0.2130017
c98f79f71_357,-0.15511906
c98f79f71_358,-0.11735338
c98f79f71_359,-0.18660538
c98f79f71_360,0.11900483
c98f79f71_361,-0.005665794
c98f79f71_362,0.110324785
c98f79f71_363,0.019943273
c98f79f71_364,0.17835112
c98f79f71_365,-0.031140009
c98f79f71_366,0.3449397
c98f79f71_367,-0.111339934
c98f79f71_368,-0.055422567
c98f79f71_369,0.08031486
c98f79f71_370,-0.05983124
c98f79f71_371,-0.020775849
c98f79f71_372,0.19554904
c98f79f71_373,0.06826363
c98f79f71_374,0.0049054422
c98f79f71_375,-0.043968573
c98f79f71_376,0.08496824
c98f79f71_377,0.10438642
c98f79f71_378,-0.10944562
c98f79f71_379,-0.18334433
c98f79f71_380,0.1422578
c98f79f71_381,0.07719106
c98f79f71_382,-0.11451899
c98f79f71_383,0.097368054
